时间,电导1,电导2,电导3
0,0,0,0
1,0,0,0
2,0,0,0
3,0,0,0
4,0,0,0
5,0,0,0
6,0,0,0
7,0,0,1
8,0,0,1
9,0,0,0
10,0,0,0
11,0,0,0
12,0,0,0
13,0,1,0
14,0,1,0
15,0,0,0
16,0,0,0
17,0,0,1
18,0,0,1
19,0,0,1
20,0,0,0
21,0,0,1
22,0,1,1
23,0,1,1
24,0,1,0
25,0,1,0
26,0,1,1
27,0,1,1
28,0,1,1
29,0,1,1
30,0,1,1
31,0,1,1
32,0,1,1
33,0,1,1
34,0,1,1
35,0,1,1
36,0,1,1
37,0,1,1
38,0,1,1
39,0,1,1
40,0,1,1
41,0,1,1
42,0,1,1
43,0,1,1
44,0,1,1
45,0,1,1
46,0,1,1
47,0,1,1
48,0,1,1
49,0,1,1
50,0,1,1
51,0,1,1
52,0,1,1
53,0,1,1
54,0,1,1
55,0,2,1
56,0,2,1
57,0,1,1
58,0,1,1
59,403,1,1
60,1033,1,1
61,1033,1,1
62,1481,1,1
63,1714,1,1
64,1714,1,2
65,1809,1,2
66,1845,1,1
67,1845,2,1
68,1861,4,1
69,1865,4,1
70,1865,7,1
71,1864,12,1
72,1859,12,1
73,1859,18,1
74,1855,18,1
75,1855,24,1
76,1850,32,1
77,1848,32,1
78,1848,39,1
79,1839,47,1
80,1831,47,2
81,1831,54,2
82,1830,56,2
83,1825,56,2
84,1825,64,2
85,1819,71,2
86,1815,71,2
87,1815,78,2
88,1809,85,2
89,1803,85,2
90,1803,93,2
91,1797,93,2
92,1797,100,2
93,1791,105,2
94,1786,105,3
95,1786,114,3
96,1780,119,3
97,1776,119,3
98,1776,125,3
99,1770,132,3
100,1764,132,4
101,1764,139,4
102,1757,143,4
103,1751,143,4
104,1751,149,5
105,1745,155,5
106,1739,155,5
107,1739,161,5
108,1733,161,6
109,1733,167,6
110,1728,173,6
111,1722,173,7
112,1722,179,7
113,1716,186,7
114,1710,186,8
115,1710,191,8
116,1704,196,8
117,1698,196,9
118,1698,203,9
119,1692,208,9
120,1687,208,10
121,1687,214,10
122,1680,219,10
123,1680,219,11
124,1675,225,11
125,1669,225,11
126,1669,230,12
127,1663,236,12
128,1661,236,13
129,1661,242,14
130,1655,247,14
131,1650,247,14
132,1650,253,15
133,1644,255,15
134,1639,255,16
135,1639,260,16
136,1634,265,16
137,1630,265,17
138,1630,270,18
139,1624,276,18
140,1618,276,19
141,1618,281,19
142,1612,281,19
143,1612,286,20
144,1606,290,20
145,1601,290,21
146,1601,295,22
147,1594,301,22
148,1590,301,23
149,1590,307,24
150,1584,312,24
151,1578,312,24
152,1578,316,26
153,1572,319,26
154,1565,319,26
155,1565,324,27
156,1560,329,27
157,1560,329,28
158,1554,335,28
159,1549,335,29
160,1549,341,30
161,1544,345,30
162,1539,345,31
163,1539,349,32
164,1533,354,32
165,1528,354,33
166,1528,359,34
167,1523,363,34
168,1518,363,36
169,1518,368,36
170,1513,373,36
171,1509,373,37
172,1509,377,38
173,1504,381,38
174,1504,381,39
175,1499,385,39
176,1494,385,41
177,1494,389,42
178,1492,393,42
179,1487,393,43
180,1487,397,44
181,1483,401,44
182,1478,401,45
183,1478,402,47
184,1473,406,47
185,1469,406,47
186,1469,410,49
187,1463,414,49
188,1458,414,50
189,1458,418,51
190,1455,422,51
191,1455,422,53
192,1447,422,53
193,1447,427,54
194,1446,430,54
195,1442,430,55
196,1442,434,56
197,1437,437,56
198,1433,437,58
199,1433,439,59
200,1429,442,59
201,1425,442,60
202,1425,445,61
203,1421,448,61
204,1416,448,63
205,1416,452,64
206,1412,456,64
207,1408,456,65
208,1408,459,66
209,1404,459,66
210,1404,462,67
211,1399,465,67
212,1394,465,69
213,1394,469,70
214,1391,472,70
215,1385,472,71
216,1385,475,71
217,1380,479,71
218,1375,479,73
219,1375,481,74
220,1371,484,74
221,1366,484,76
222,1366,487,77
223,1360,490,77
224,1354,490,78
225,1354,494,79
226,1349,498,79
227,1349,498,81
228,1344,501,81
229,1339,501,82
230,1339,505,84
231,1335,507,84
232,1329,507,85
233,1329,511,86
234,1325,514,86
235,1320,514,88
236,1320,516,89
237,1315,520,89
238,1310,520,91
239,1310,523,92
240,1305,527,92
241,1300,527,94
242,1300,529,96
243,1296,529,96
244,1296,532,97
245,1294,536,97
246,1289,536,99
247,1289,538,100
248,1285,541,100
249,1281,541,102
250,1281,543,103
251,1276,545,103
252,1272,545,105
253,1272,547,107
254,1268,551,107
255,1264,551,108
256,1264,554,110
257,1260,556,110
258,1260,556,112
259,1257,559,112
260,1252,559,112
261,1252,562,113
262,1249,564,113
263,1244,564,115
264,1244,566,117
265,1240,569,117
266,1238,569,119
267,1238,571,120
268,1234,574,120
269,1230,574,121
270,1230,576,123
271,1226,578,123
272,1222,578,125
273,1222,580,127
274,1218,582,127
275,1218,582,127
276,1214,584,127
277,1211,584,128
278,1211,587,129
279,1207,589,129
280,1203,589,131
281,1203,591,132
282,1200,593,132
283,1196,593,134
284,1196,595,136
285,1192,597,136
286,1189,597,137
287,1189,599,139
288,1186,602,139
289,1182,602,139
290,1182,604,141
291,1178,606,141
292,1175,606,142
293,1175,608,142
294,1171,608,145
295,1171,609,148
296,1170,611,148
297,1166,611,148
298,1166,613,149
299,1163,615,149
300,1159,615,151
301,1159,615,153
302,1155,618,153
303,1152,618,154
304,1152,618,156
305,1149,620,156
306,1146,620,158
307,1146,622,159
308,1142,622,159
309,1142,624,160
310,1139,626,160
311,1135,626,162
312,1135,627,163
313,1132,629,163
314,1129,629,165
315,1129,631,166
316,1126,632,166
317,1123,632,168
318,1123,634,169
319,1119,635,169
320,1116,635,169
321,1116,637,172
322,1114,638,172
323,1111,638,172
324,1111,639,174
325,1107,639,174
326,1107,641,176
327,1104,642,176
328,1102,642,178
329,1102,644,179
330,1099,645,179
331,1096,645,180
332,1096,646,182
333,1092,646,182
334,1092,649,184
335,1089,650,184
336,1086,650,185
337,1086,651,185
338,1083,652,185
339,1079,652,187
340,1079,653,189
341,1075,653,189
342,1075,655,190
343,1071,656,190
344,1066,656,192
345,1066,658,193
346,1062,659,193
347,1058,659,194
348,1058,660,196
349,1054,662,196
350,1050,662,197
351,1050,663,198
352,1046,665,198
353,1042,665,200
354,1042,667,201
355,1038,668,201
356,1038,668,203
357,1034,669,203
358,1030,669,204
359,1030,671,206
360,1026,672,206
361,1023,672,207
362,1023,673,209
363,1020,674,209
364,1018,674,210
365,1018,676,212
366,1015,677,212
367,1010,677,214
368,1010,678,215
369,1007,680,215
370,1004,680,217
371,1004,680,219
372,1000,680,219
373,1000,681,221
374,997,683,221
375,993,683,222
376,993,684,223
377,990,685,223
378,987,685,225
379,987,686,227
380,983,687,227
381,980,687,228
382,980,688,230
383,977,689,230
384,974,689,232
385,974,690,233
386,971,691,233
387,967,691,235
388,967,692,235
389,964,693,235
390,964,693,237
391,961,694,237
392,958,694,239
393,958,695,240
394,955,696,240
395,952,696,242
396,952,697,244
397,949,698,244
398,946,698,246
399,946,699,247
400,942,699,247
401,940,699,249
402,940,700,250
403,937,701,250
404,934,701,252
405,934,702,254
406,931,703,254
407,928,703,255
408,928,704,255
409,925,704,256
410,925,704,257
411,921,705,257
412,918,705,259
413,918,706,261
414,915,706,261
415,914,706,262
416,914,707,264
417,912,708,264
418,909,708,265
419,909,708,267
420,906,709,267
421,903,709,268
422,903,710,270
423,901,710,270
424,898,710,271
425,898,711,273
426,894,711,273
427,894,711,274
428,892,712,274
429,889,712,276
430,889,712,278
431,887,713,278
432,884,713,279
433,884,714,280
434,881,714,280
435,879,714,282
436,879,715,283
437,876,715,283
438,873,715,284
439,873,716,286
440,871,716,286
441,869,716,287
442,869,717,288
443,866,717,288
444,866,717,289
445,863,717,289
446,861,717,291
447,861,718,292
448,858,718,292
449,855,718,294
450,855,719,295
451,853,720,295
452,850,720,296
453,850,720,298
454,848,720,298
455,845,720,300
456,845,721,300
457,843,721,300
458,841,721,302
459,841,721,303
460,838,721,303
461,838,721,304
462,835,722,304
463,833,722,306
464,833,722,307
465,832,722,307
466,829,722,308
467,829,723,309
468,827,723,309
469,825,723,310
470,825,724,312
471,822,723,312
472,820,723,313
473,820,724,315
474,817,724,315
475,816,724,317
476,816,725,318
477,813,724,318
478,813,724,320
479,810,725,320
480,808,725,321
481,808,725,322
482,805,725,322
483,802,725,324
484,802,726,325
485,800,726,325
486,797,726,325
487,797,727,326
488,795,727,326
489,792,727,326
490,792,727,327
491,789,727,327
492,786,727,329
493,786,726,330
494,783,726,330
495,783,727,331
496,780,727,331
497,778,727,333
498,778,727,336
499,775,727,336
500,772,727,338
501,772,728,339
502,770,728,339
503,767,728,339
504,767,728,340
505,765,728,340
506,762,728,341
507,762,728,342
508,760,728,342
509,757,728,344
510,757,729,345
511,754,729,345
512,754,728,347
513,751,729,347
514,751,729,349
515,751,728,349
516,749,728,349
517,746,728,349
518,746,729,352
519,743,729,352
520,741,729,353
521,741,729,354
522,739,729,354
523,738,729,356
524,738,728,356
525,735,729,356
526,733,729,359
527,733,729,360
528,730,729,360
529,730,729,360
530,727,729,360
531,726,729,361
532,726,728,362
533,723,729,362
534,722,729,363
535,722,728,365
536,720,729,365
537,718,729,367
538,718,729,368
539,716,729,368
540,713,729,369
541,713,729,370
542,711,728,370
543,709,728,371
544,709,728,371
545,707,728,372
546,707,728,373
547,705,728,373
548,703,728,375
549,703,728,375
550,701,728,375
551,699,728,377
552,699,728,378
553,697,727,378
554,695,727,379
555,695,727,381
556,693,727,381
557,690,727,381
558,690,727,382
559,689,727,382
560,687,727,384
561,687,727,385
562,685,727,385
563,685,726,386
564,684,726,386
565,682,726,387
566,682,726,388
567,680,726,388
568,678,726,389
569,678,726,390
570,677,726,390
571,674,726,392
572,674,726,392
573,673,725,392
574,671,725,393
575,671,725,395
576,669,725,395
577,667,725,396
578,667,725,396
579,665,724,396
580,663,724,397
581,663,725,397
582,662,725,399
583,662,724,400
584,660,724,400
585,657,724,399
586,657,724,399
587,654,724,399
588,652,724,404
589,652,723,405
590,650,723,405
591,648,723,406
592,648,723,405
593,646,722,405
594,643,722,405
595,643,722,408
596,641,722,408
597,639,722,407
598,639,721,410
599,637,721,410
600,635,721,411
601,635,721,409
602,632,721,409
603,632,721,411
604,630,720,411
605,628,720,413
606,628,720,416
607,625,719,416
608,623,719,417
609,623,719,418
610,622,718,418
611,621,718,417
612,621,718,418
613,619,718,418
614,616,718,418
615,616,717,420
616,615,717,420
617,612,717,421
618,612,717,421
619,610,716,421
620,610,716,424
621,609,716,424
622,607,716,425
623,607,716,425
624,605,715,425
625,603,715,427
626,603,715,428
627,601,714,428
628,600,714,428
629,600,714,429
630,598,714,429
631,597,714,430
632,597,713,431
633,595,713,431
634,593,713,431
635,593,712,433
636,591,712,433
637,591,712,434
638,590,712,434
639,588,712,434
640,588,711,436
641,586,711,436
642,584,711,436
643,584,710,438
644,582,710,438
645,580,710,438
646,580,709,439
647,579,709,439
648,577,709,441
649,577,708,441
650,575,708,441
651,573,708,442
652,573,708,442
653,571,708,443
654,571,707,442
655,570,706,442
656,569,706,442
657,569,706,444
658,568,705,444
659,567,705,447
660,567,705,447
661,565,705,447
662,564,705,447
663,564,704,447
664,562,704,447
665,560,704,448
666,560,704,449
667,559,703,449
668,559,703,452
669,557,703,452
670,556,703,454
671,556,702,455
672,554,702,455
673,552,702,456
674,552,701,456
675,551,701,456
676,549,701,456
677,549,700,457
678,547,700,457
679,547,700,457
680,547,699,458
681,545,698,458
682,543,698,458
683,543,698,459
684,542,698,459
685,540,698,461
686,540,698,461
687,539,698,460
688,539,697,459
689,538,696,459
690,536,696,462
691,536,696,461
692,535,695,461
693,533,695,463
694,533,695,464
695,532,694,464
696,530,694,465
697,530,694,465
698,529,694,465
699,527,694,466
700,527,693,466
701,526,693,467
702,526,692,467
703,524,692,467
704,522,692,468
705,522,691,468
706,521,691,468
707,519,691,469
708,519,690,470
709,517,690,470
710,516,690,470
711,516,689,471
712,515,688,471
713,512,688,472
714,512,688,472
715,511,688,472
716,509,688,473
717,509,687,474
718,507,687,474
719,507,687,474
720,505,685,474
721,503,685,475
722,503,685,476
723,501,684,476
724,499,684,477
725,499,683,477
726,497,683,477
727,496,683,478
728,496,682,479
729,495,681,479
730,493,681,480
731,493,680,480
732,492,680,480
733,490,680,481
734,490,679,481
735,488,679,481
736,488,678,482
737,487,678,482
738,485,678,482
739,485,677,484
740,483,677,484
741,482,677,484
742,482,676,485
743,480,675,485
744,478,675,485
745,478,674,485
746,477,673,485
747,475,673,487
748,475,672,488
749,473,672,488
750,471,672,488
751,471,671,488
752,469,671,488
753,469,670,490
754,468,669,490
755,466,669,491
756,466,669,493
757,464,668,493
758,463,668,494
759,463,667,493
760,461,666,493
761,460,666,493
762,460,665,495
763,459,664,495
764,457,664,496
765,457,664,497
766,456,664,497
767,454,664,497
768,454,663,498
769,452,663,498
770,452,662,499
771,451,661,499
772,449,661,499
773,449,660,498
774,448,659,498
775,446,659,499
776,446,659,499
777,445,657,499
778,443,657,500
779,443,657,501
780,442,656,501
781,441,656,502
782,441,655,502
783,440,655,502
784,438,655,502
785,438,654,503
786,436,653,503
787,436,653,503
788,435,652,503
789,434,652,504
790,434,651,505
791,432,651,505
792,430,651,505
793,430,650,506
794,429,649,506
795,427,649,506
796,427,649,507
797,426,648,507
798,425,648,508
799,425,647,508
800,424,646,508
801,422,646,509
802,422,645,508
803,421,644,508
804,419,644,509
805,419,643,509
806,418,643,510
807,418,643,510
808,417,642,510
809,415,642,511
810,415,641,512
811,414,640,512
812,413,640,512
813,413,639,513
814,412,639,513
815,412,639,513
816,412,638,514
817,410,637,514
818,408,637,514
819,408,637,515
820,407,636,515
821,407,636,515
822,406,636,515
823,404,636,515
824,404,634,516
825,403,633,516
826,402,633,517
827,402,633,517
828,401,632,517
829,399,632,516
830,399,631,518
831,397,631,518
832,395,631,518
833,395,629,517
834,395,629,517
835,393,629,517
836,393,627,517
837,392,627,517
838,392,626,517
839,390,626,517
840,388,626,520
841,388,625,521
842,387,624,521
843,386,624,519
844,386,622,521
845,384,622,521
846,382,622,523
847,382,621,521
848,381,620,521
849,379,620,521
850,379,619,524
851,378,618,524
852,377,618,525
853,377,617,525
854,375,617,524
855,375,616,523
856,374,615,523
857,373,615,524
858,373,614,525
859,371,613,525
860,370,613,526
861,370,612,527
862,369,611,527
863,367,611,526
864,367,610,525
865,367,609,525
866,365,609,527
867,365,608,527
868,364,608,527
869,363,608,528
870,363,607,528
871,362,606,528
872,360,606,528
873,360,605,529
874,359,605,529
875,359,604,529
876,358,603,529
877,357,603,529
878,357,602,529
879,355,601,529
880,354,601,529
881,354,600,530
882,353,599,530
883,352,599,531
884,352,598,532
885,351,597,532
886,350,597,533
887,350,596,533
888,349,596,533
889,348,596,533
890,348,595,534
891,346,595,534
892,346,594,534
893,345,593,534
894,344,593,534
895,344,592,533
896,343,591,533
897,342,591,532
898,342,590,533
899,340,589,533
900,339,589,533
901,339,588,534
902,338,587,534
903,337,587,534
904,337,587,534
905,336,586,534
906,335,586,535
907,335,585,535
908,334,585,535
909,334,584,535
910,333,583,535
911,331,583,535
912,331,582,535
913,330,581,535
914,329,581,536
915,329,580,536
916,329,579,536
917,328,579,536
918,328,579,536
919,327,578,536
920,326,578,537
921,326,578,537
922,325,577,537
923,324,577,537
924,324,576,537
925,322,576,537
926,322,574,537
927,321,574,537
928,320,574,537
929,320,572,538
930,319,571,538
931,318,571,538
932,318,571,538
933,317,570,538
934,316,570,538
935,316,569,539
936,315,568,539
937,314,568,539
938,314,567,539
939,313,567,539
940,312,567,538
941,312,566,539
942,311,565,539
943,311,565,540
944,310,563,540
945,309,563,540
946,309,562,541
947,308,562,541
948,307,562,540
949,307,561,538
950,306,560,538
951,306,560,541
952,306,559,541
953,305,558,541
954,304,558,541
955,304,558,540
956,303,557,540
957,302,557,540
958,302,556,539
959,301,555,539
960,300,555,539
961,300,554,540
962,299,554,540
963,299,553,542
964,298,553,542
965,298,553,541
966,298,552,539
967,297,550,539
968,296,550,540
969,296,550,542
970,295,550,542
971,294,550,541
972,294,549,540
973,293,548,540
974,292,548,541
975,292,547,542
976,291,546,542
977,291,546,540
978,290,545,540
979,289,545,540
980,289,544,541
981,289,543,541
982,288,543,542
983,288,543,541
984,287,541,541
985,286,541,541
986,286,540,541
987,285,540,541
988,284,540,541
989,284,539,543
990,283,538,543
991,282,538,541
992,282,537,541
993,281,536,541
994,281,536,541
995,280,535,541
996,278,535,543
997,278,534,542
998,278,533,542
999,276,533,542
1000,276,532,542
1001,275,531,542
1002,275,531,542
1003,275,530,542
1004,274,529,542
1005,273,529,542
1006,273,528,543
1007,272,527,543
1008,271,527,542
1009,271,526,542
1010,270,526,542
1011,270,525,542
1012,269,524,542
1013,268,524,542
1014,268,523,542
1015,267,523,542
1016,266,523,542
1017,266,522,542
1018,266,521,542
1019,265,521,542
1020,265,520,542
1021,264,519,542
1022,263,519,542
1023,263,518,542
1024,262,517,542
1025,261,517,542
1026,261,516,542
1027,260,516,542
1028,260,515,542
1029,259,514,542
1030,258,514,542
1031,258,513,542
1032,257,512,542
1033,256,512,541
1034,256,512,542
1035,256,510,542
1036,255,510,542
1037,255,509,542
1038,254,509,542
1039,253,509,542
1040,253,508,542
1041,252,508,542
1042,252,507,542
1043,252,506,542
1044,251,506,541
1045,251,505,542
1046,250,504,542
1047,249,504,541
1048,249,503,542
1049,248,502,542
1050,247,502,541
1051,247,501,540
1052,246,500,540
1053,246,500,540
1054,246,499,540
1055,245,499,540
1056,244,499,539
1057,244,498,539
1058,243,498,541
1059,243,497,541
1060,242,496,541
1061,241,496,541
1062,241,495,540
1063,240,494,540
1064,240,494,540
1065,240,493,541
1066,239,492,541
1067,238,492,541
1068,238,491,542
1069,238,490,542
1070,238,490,542
1071,238,489,542
1072,237,488,542
1073,236,488,542
1074,236,488,542
1075,236,488,541
1076,236,487,541
1077,235,486,541
1078,234,486,541
1079,234,486,541
1080,232,484,541
1081,232,484,538
1082,232,483,538
1083,231,483,538
1084,230,483,539
1085,230,481,540
1086,229,480,540
1087,228,480,539
1088,228,479,538
1089,227,479,538
1090,227,479,538
1091,227,477,538
1092,226,477,538
1093,226,477,538
1094,225,476,538
1095,224,476,537
1096,224,475,538
1097,224,474,538
1098,223,474,538
1099,223,473,537
1100,222,472,537
1101,221,472,538
1102,221,472,537
1103,220,470,537
1104,220,470,537
1105,220,469,536
1106,219,468,536
1107,218,468,537
1108,218,467,536
1109,217,466,536
1110,217,466,536
1111,216,465,536
1112,216,465,536
1113,216,464,536
1114,215,463,536
1115,214,463,535
1116,214,463,535
1117,213,462,535
1118,213,462,535
1119,213,461,535
1120,212,460,535
1121,211,460,535
1122,211,459,534
1123,211,459,534
1124,211,459,533
1125,211,458,533
1126,210,456,533
1127,210,456,534
1128,209,456,534
1129,208,456,534
1130,208,455,535
1131,208,454,535
1132,207,454,532
1133,207,453,533
1134,206,452,533
1135,206,452,534
1136,206,451,532
1137,205,450,532
1138,204,450,530
1139,204,449,530
1140,204,448,530
1141,203,448,530
1142,203,448,531
1143,203,447,531
1144,202,447,532
1145,202,446,532
1146,201,446,533
1147,201,445,530
1148,201,444,530
1149,200,444,532
1150,200,443,529
1151,199,443,529
1152,198,443,530
1153,198,442,529
1154,197,441,529
1155,197,441,529
1156,197,440,530
1157,196,439,530
1158,195,439,529
1159,195,437,529
1160,194,437,529
1161,194,437,529
1162,194,436,529
1163,193,436,528
1164,193,435,528
1165,192,434,528
1166,192,434,528
1167,192,433,527
1168,191,432,527
1169,191,432,528
1170,191,431,527
1171,190,430,527
1172,190,430,527
1173,190,430,526
1174,189,429,526
1175,188,429,526
1176,188,428,526
1177,188,428,526
1178,188,428,526
1179,187,426,526
1180,187,426,526
1181,187,425,525
1182,186,425,525
1183,185,425,525
1184,185,424,524
1185,184,423,524
1186,184,423,524
1187,184,422,524
1188,184,421,524
1189,183,421,523
1190,183,421,524
1191,182,419,524
1192,182,419,524
1193,182,419,522
1194,181,418,522
1195,181,418,521
1196,181,417,521
1197,180,417,521
1198,180,416,521
1199,179,415,521
1200,179,415,523
1201,179,415,520
1202,178,414,520
1203,178,414,522
1204,178,413,522
1205,177,412,522
1206,176,412,522
1207,176,411,521
1208,176,410,521
1209,175,410,521
1210,175,409,522
1211,175,408,522
1212,174,408,521
1213,174,407,521
1214,173,407,521
1215,173,407,521
1216,173,406,521
1217,172,406,520
1218,172,405,519
1219,171,404,519
1220,171,404,517
1221,171,403,516
1222,171,402,516
1223,170,402,515
1224,170,402,516
1225,170,401,516
1226,169,401,516
1227,169,400,516
1228,169,399,516
1229,168,399,515
1230,168,399,515
1231,167,399,515
1232,167,398,514
1233,167,397,514
1234,166,397,514
1235,166,396,513
1236,166,395,513
1237,165,395,513
1238,165,395,513
1239,164,394,513
1240,164,394,513
1241,164,393,513
1242,164,392,513
1243,163,392,513
1244,163,391,512
1245,163,391,512
1246,163,391,512
1247,163,390,512
1248,162,390,512
1249,162,390,510
1250,161,389,510
1251,161,389,511
1252,161,388,510
1253,161,387,510
1254,160,387,510
1255,160,386,510
1256,159,386,510
1257,159,386,509
1258,159,385,508
1259,159,384,508
1260,158,384,509
1261,158,384,508
1262,158,383,508
1263,158,383,508
1264,157,382,508
1265,157,382,508
1266,157,382,507
1267,156,381,507
1268,155,381,507
1269,155,380,506
1270,155,379,506
1271,154,379,506
1272,154,378,506
1273,154,378,506
1274,154,378,505
1275,154,377,504
1276,153,376,504
1277,152,376,504
1278,152,375,504
1279,152,375,503
1280,152,374,504
1281,151,373,504
1282,151,373,505
1283,151,373,505
1284,150,372,505
1285,150,372,503
1286,150,372,502
1287,149,371,502
1288,149,371,503
1289,149,370,503
1290,148,369,503
1291,148,369,501
1292,148,368,499
1293,148,368,499
1294,147,368,498
1295,147,367,498
1296,147,367,498
1297,147,366,499
1298,146,365,499
1299,145,365,499
1300,145,364,498
1301,145,364,498
1302,145,364,497
1303,145,363,497
1304,144,362,497
1305,144,362,499
1306,144,362,497
1307,144,361,497
1308,143,361,495
1309,143,360,495
1310,143,360,495
1311,143,359,495
1312,142,359,495
1313,141,359,496
1314,141,358,496
1315,141,357,496
1316,140,357,494
1317,140,356,495
1318,140,355,495
1319,139,355,495
1320,139,354,495
1321,139,354,495
1322,138,354,494
1323,138,353,493
1324,138,352,493
1325,138,352,492
1326,138,351,492
1327,137,351,492
1328,137,350,492
1329,137,350,492
1330,136,350,491
1331,136,350,491
1332,136,349,491
1333,135,349,490
1334,135,348,490
1335,135,347,490
1336,134,347,490
1337,134,346,489
1338,134,346,489
1339,133,346,489
1340,133,344,488
1341,133,343,488
1342,133,343,488
1343,132,343,488
1344,132,343,487
1345,132,342,487
1346,132,341,487
1347,131,341,486
1348,131,340,486
1349,131,340,486
1350,130,340,485
1351,130,339,485
1352,130,338,485
1353,129,338,485
1354,129,338,484
1355,129,337,484
1356,129,337,483
1357,129,336,483
1358,128,336,483
1359,128,336,483
1360,128,335,482
1361,127,335,482
1362,127,334,482
1363,127,333,482
1364,127,333,482
1365,127,333,481
1366,126,332,481
1367,126,332,480
1368,126,331,480
1369,125,331,480
1370,125,331,480
1371,125,330,479
1372,124,329,479
1373,124,329,478
1374,124,328,478
1375,124,328,478
1376,123,328,478
1377,123,327,477
1378,123,327,477
1379,123,326,477
1380,122,325,477
1381,122,325,476
1382,122,325,476
1383,122,325,476
1384,121,325,475
1385,121,323,475
1386,121,323,475
1387,120,323,475
1388,120,322,474
1389,120,321,474
1390,119,321,473
1391,119,320,473
1392,119,319,473
1393,118,319,473
1394,118,319,473
1395,118,319,474
1396,118,318,473
1397,117,317,473
1398,117,317,471
1399,117,316,470
1400,117,316,470
1401,116,316,470
1402,116,315,471
1403,116,314,471
1404,115,314,471
1405,115,314,467
1406,115,313,467
1407,115,313,469
1408,115,312,468
1409,115,312,468
1410,115,312,465
1411,115,311,468
1412,114,311,468
1413,114,310,469
1414,113,309,469
1415,113,309,467
1416,113,308,466
1417,112,308,466
1418,112,308,464
1419,112,307,464
1420,111,306,464
1421,111,306,464
1422,111,305,464
1423,111,305,464
1424,110,305,464
1425,110,304,464
1426,110,303,464
1427,110,303,461
1428,110,303,461
1429,110,302,461
1430,110,302,462
1431,109,302,462
1432,109,302,462
1433,109,301,460
1434,109,300,460
1435,108,300,459
1436,108,300,458
1437,108,299,458
1438,108,299,458
1439,108,298,457
1440,107,297,457
1441,107,297,456
1442,106,297,456
1443,106,296,456
1444,106,296,456
1445,106,296,457
1446,106,295,456
1447,105,295,456
1448,105,294,454
1449,105,293,454
1450,105,293,455
1451,105,293,453
1452,104,292,453
1453,104,292,454
1454,104,292,454
1455,104,291,454
1456,103,291,452
1457,103,290,452
1458,103,289,452
1459,103,289,451
1460,103,289,451
1461,103,288,451
1462,102,288,450
1463,102,288,449
1464,102,287,449
1465,101,287,449
1466,101,287,449
1467,101,287,449
1468,101,286,448
1469,101,285,448
1470,101,285,447
1471,101,285,447
1472,100,284,447
1473,100,284,446
1474,100,284,446
1475,99,283,446
1476,99,283,446
1477,99,282,445
1478,99,282,445
1479,99,282,445
1480,99,281,444
1481,99,280,444
1482,98,280,444
1483,98,279,444
1484,98,279,443
1485,98,279,443
1486,98,278,443
1487,97,278,442
1488,97,278,442
1489,97,277,442
1490,96,277,440
1491,96,276,441
1492,95,276,441
1493,95,276,441
1494,95,275,438
1495,95,274,438
1496,95,274,439
1497,95,274,440
1498,94,273,440
1499,94,273,438
1500,94,273,437
1501,94,273,437
1502,94,272,437
1503,94,272,437
1504,94,272,437
1505,94,271,436
1506,93,270,436
1507,93,270,436
1508,93,270,435
1509,93,269,435
1510,92,269,435
1511,92,268,434
1512,92,267,434
1513,92,267,434
1514,92,267,433
1515,91,267,433
1516,91,267,432
1517,91,266,432
1518,91,265,432
1519,91,265,431
1520,91,265,431
1521,90,265,430
1522,90,264,430
1523,90,263,430
1524,90,263,430
1525,90,263,430
1526,89,262,430
1527,89,262,428
1528,89,262,428
1529,89,261,428
1530,88,261,428
1531,88,260,428
1532,88,260,428
1533,88,260,427
1534,88,259,425
1535,88,259,425
1536,87,259,426
1537,87,258,426
1538,87,257,426
1539,87,257,424
1540,87,257,424
1541,87,257,423
1542,87,256,424
1543,86,255,424
1544,86,255,423
1545,86,255,422
1546,85,254,422
1547,85,254,423
1548,85,254,421
1549,84,253,421
1550,84,253,421
1551,84,253,421
1552,84,252,421
1553,83,252,420
1554,83,251,419
1555,83,250,419
1556,84,250,419
1557,84,250,418
1558,83,249,418
1559,83,249,418
1560,83,249,418
1561,82,249,417
1562,82,248,416
1563,82,248,416
1564,82,248,416
1565,82,247,415
1566,81,246,415
1567,82,246,415
1568,82,246,414
1569,81,245,414
1570,81,245,413
1571,81,245,413
1572,81,244,413
1573,81,244,413
1574,81,243,412
1575,80,243,412
1576,80,243,411
1577,80,242,410
1578,80,241,410
1579,80,241,411
1580,79,241,411
1581,79,241,410
1582,79,241,409
1583,79,240,409
1584,79,240,409
1585,79,239,408
1586,78,239,408
1587,78,239,408
1588,78,238,407
1589,78,237,407
1590,77,237,406
1591,77,237,407
1592,77,236,407
1593,77,236,405
1594,77,236,406
1595,77,235,406
1596,76,235,404
1597,76,235,404
1598,76,235,404
1599,76,234,404
1600,76,234,404
1601,75,234,403
1602,75,233,402
1603,75,233,402
1604,75,233,401
1605,75,232,401
1606,75,231,401
1607,75,231,401
1608,75,231,400
1609,75,231,400
1610,75,231,399
1611,75,230,399
1612,74,230,399
1613,74,230,399
1614,74,229,398
1615,74,228,398
1616,74,228,397
1617,74,228,397
1618,74,228,397
1619,74,227,396
1620,73,227,396
1621,72,227,395
1622,72,227,395
1623,73,226,395
1624,72,226,396
1625,72,226,394
1626,72,225,394
1627,71,225,394
1628,71,225,392
1629,71,224,392
1630,71,224,395
1631,71,224,394
1632,70,224,394
1633,70,223,390
1634,70,222,390
1635,70,222,389
1636,70,221,392
1637,70,221,392
1638,70,221,390
1639,70,220,391
1640,70,220,391
1641,70,220,387
1642,70,219,389
1643,69,219,389
1644,69,219,390
1645,69,218,390
1646,69,218,390
1647,69,218,388
1648,69,218,387
1649,68,217,387
1650,68,217,386
1651,68,216,386
1652,68,216,385
1653,68,216,385
1654,68,215,385
1655,68,215,384
1656,68,215,382
1657,68,215,382
1658,67,215,382
1659,67,214,383
1660,67,214,383
1661,67,214,383
1662,67,213,382
1663,67,212,382
1664,66,212,381
1665,66,212,380
1666,67,211,380
1667,67,211,380
1668,66,211,380
1669,66,211,379
1670,66,211,379
1671,66,210,379
1672,66,210,378
1673,66,210,378
1674,65,209,378
1675,65,209,378
1676,65,209,376
1677,65,208,376
1678,64,208,376
1679,64,207,376
1680,64,207,376
1681,64,207,375
1682,64,207,375
1683,64,206,375
1684,64,206,374
1685,63,206,374
1686,63,206,374
1687,63,205,373
1688,63,204,373
1689,63,204,372
1690,63,204,373
1691,63,203,373
1692,62,203,372
1693,62,203,372
1694,62,202,372
1695,62,202,370
1696,62,202,368
1697,62,201,368
1698,61,201,368
1699,61,200,370
1700,61,200,370
1701,61,200,370
1702,61,199,370
1703,61,199,370
1704,61,198,369
1705,60,198,369
1706,60,198,367
1707,60,198,365
1708,60,197,365
1709,60,197,363
1710,60,197,362
1711,59,196,362
1712,59,196,362
1713,59,196,363
1714,59,195,363
1715,59,195,362
1716,59,194,360
1717,59,194,360
1718,59,194,361
1719,59,193,360
1720,58,193,360
1721,58,193,360
1722,58,192,360
1723,58,192,361
1724,58,192,361
1725,58,191,361
1726,57,191,360
1727,57,191,360
1728,57,190,360
1729,57,190,357
1730,57,190,358
1731,57,189,358
1732,56,189,357
1733,56,188,356
1734,56,188,356
1735,56,188,355
1736,56,187,354
1737,56,187,354
1738,55,187,354
1739,55,186,354
1740,55,186,354
1741,55,186,352
1742,55,186,352
1743,55,186,352
1744,55,185,351
1745,55,184,351
1746,54,184,350
1747,54,184,351
1748,54,183,351
1749,54,183,350
1750,54,183,349
1751,54,183,349
1752,53,183,348
1753,53,182,347
1754,54,182,347
1755,53,182,347
1756,53,181,346
1757,53,181,346
1758,53,181,346
1759,53,180,345
1760,53,180,345
1761,53,179,345
1762,53,179,345
1763,52,179,344
1764,52,179,344
1765,52,178,344
1766,52,178,344
1767,52,178,342
1768,52,177,342
1769,51,177,341
1770,51,177,342
1771,51,176,342
1772,51,176,342
1773,51,176,340
1774,51,176,340
1775,51,176,340
1776,51,175,339
1777,50,175,339
1778,50,175,338
1779,50,174,339
1780,50,174,339
1781,50,173,337
1782,50,173,337
1783,50,173,337
1784,50,173,336
1785,50,172,336
1786,50,172,335
1787,50,171,335
1788,49,171,335
1789,49,171,335
1790,49,171,334
1791,49,170,334
1792,49,170,333
1793,49,170,333
1794,49,169,333
1795,48,169,332
1796,48,169,331
1797,48,168,331
1798,48,168,331
1799,48,168,331
1800,49,168,330
1801,49,167,329
1802,48,167,329
1803,48,167,330
1804,48,167,329
1805,48,167,329
1806,47,167,327
1807,47,166,327
1808,47,165,327
1809,47,165,327
1810,47,165,327
1811,46,164,327
1812,46,164,327
1813,46,163,328
1814,46,163,328
1815,46,163,327
1816,46,163,327
1817,45,163,326
1818,45,162,322
1819,45,162,322
1820,45,162,324
1821,45,161,322
1822,45,161,322
1823,45,161,323
1824,45,160,322
1825,45,159,322
1826,45,159,320
1827,45,159,320
1828,44,158,320
1829,44,158,320
1830,44,158,319
1831,44,157,319
1832,44,157,317
1833,44,157,318
1834,44,156,318
1835,43,156,317
1836,43,155,317
1837,43,155,316
1838,43,155,315
1839,43,154,315
1840,43,154,315
1841,43,154,314
1842,43,153,314
1843,42,153,313
1844,42,153,312
1845,42,153,312
1846,42,153,312
1847,42,152,311
1848,42,151,311
1849,42,151,310
1850,42,151,309
1851,41,150,309
1852,41,150,309
1853,41,150,309
1854,41,150,308
1855,41,150,307
1856,41,149,307
1857,41,149,306
1858,41,148,306
1859,41,148,306
1860,41,148,305
1861,41,148,304
1862,40,147,304
1863,40,147,304
1864,40,146,304
1865,40,146,304
1866,40,146,304
1867,40,145,302
1868,40,145,302
1869,40,145,301
1870,40,145,302
1871,39,144,302
1872,39,144,301
1873,39,144,299
1874,39,144,299
1875,39,143,299
1876,39,142,299
1877,38,142,298
1878,38,142,297
1879,39,142,297
1880,38,142,297
1881,38,141,296
1882,38,141,296
1883,38,141,296
1884,38,140,295
1885,38,140,295
1886,38,140,294
1887,38,139,293
1888,37,139,293
1889,37,139,292
1890,37,138,292
1891,37,138,292
1892,37,138,291
1893,37,138,291
1894,37,138,291
1895,37,137,291
1896,37,137,291
1897,37,137,290
1898,37,137,288
1899,37,136,288
1900,37,136,287
1901,37,135,287
1902,36,135,287
1903,35,135,286
1904,35,135,285
1905,35,134,285
1906,35,134,285
1907,36,134,285
1908,36,134,285
1909,36,133,284
1910,36,133,284
1911,36,133,283
1912,36,133,283
1913,35,132,283
1914,35,132,283
1915,35,132,282
1916,34,131,282
1917,34,131,281
1918,34,131,281
1919,34,130,281
1920,34,130,280
1921,34,130,279
1922,34,130,279
1923,34,130,279
1924,34,129,279
1925,34,129,278
1926,34,129,277
1927,34,128,277
1928,34,128,277
1929,34,128,277
1930,33,128,277
1931,33,128,275
1932,33,127,276
1933,33,127,276
1934,33,127,275
1935,33,126,274
1936,33,126,274
1937,33,126,273
1938,33,125,273
1939,33,125,273
1940,33,125,272
1941,32,125,272
1942,32,125,272
1943,32,124,271
1944,32,124,271
1945,32,124,270
1946,32,124,270
1947,32,124,270
1948,32,124,269
1949,32,123,268
1950,32,123,268
1951,32,123,268
1952,32,122,267
1953,31,122,267
1954,31,122,267
1955,32,122,267
1956,31,122,266
1957,31,121,265
1958,32,121,265
1959,32,121,264
1960,32,121,265
1961,31,120,265
1962,31,120,264
1963,31,120,262
1964,31,119,262
1965,31,119,261
1966,31,119,261
1967,31,119,261
1968,30,119,261
1969,30,118,261
1970,30,118,261
1971,30,118,261
1972,30,117,261
1973,30,117,261
1974,30,117,259
1975,30,117,259
1976,30,117,258
1977,30,116,258
1978,30,116,258
1979,30,116,258
1980,30,115,257
1981,30,115,257
1982,30,115,256
1983,30,115,256
1984,30,114,256
1985,29,114,255
1986,29,114,254
1987,29,114,254
1988,29,114,254
1989,29,113,253
1990,29,113,253
1991,29,113,253
1992,29,112,253
1993,29,112,252
1994,29,113,252
1995,29,113,252
1996,28,113,251
1997,28,112,250
1998,29,111,250
1999,28,111,250
2000,28,111,250
2001,28,110,250
2002,28,110,249
2003,28,110,248
2004,28,110,248
2005,28,110,248
2006,28,110,248
2007,27,109,248
2008,27,109,247
2009,27,109,247
2010,27,109,247
2011,27,109,246
2012,27,108,246
2013,27,108,245
2014,27,108,245
2015,27,108,245
2016,27,108,244
2017,27,107,244
2018,27,107,244
2019,27,107,244
2020,27,106,242
2021,27,106,242
2022,27,106,242
2023,27,106,241
2024,27,106,241
2025,26,106,241
2026,26,105,241
2027,26,105,241
2028,26,105,240
2029,26,105,240
2030,26,105,239
2031,26,104,239
2032,26,104,239
2033,26,104,238
2034,26,104,237
2035,26,103,237
2036,26,103,237
2037,26,103,237
2038,25,103,237
2039,25,103,236
2040,25,102,235
2041,26,102,235
2042,26,102,235
2043,26,102,235
2044,25,101,235
2045,26,101,233
2046,26,101,232
2047,25,101,232
2048,25,101,232
2049,25,100,232
2050,25,100,231
2051,25,100,231
2052,25,100,231
2053,25,100,231
2054,25,100,231
2055,25,99,231
2056,25,99,229
2057,25,99,228
2058,24,99,228
2059,24,99,228
2060,24,98,228
2061,24,98,228
2062,24,98,228
2063,24,98,228
2064,24,97,228
2065,24,97,228
2066,24,97,228
2067,24,97,228
2068,24,97,228
2069,24,96,228
2070,23,96,225
2071,23,96,225
2072,24,96,225
2073,24,96,224
2074,24,96,225
2075,23,96,225
2076,23,96,223
2077,23,95,221
2078,23,95,221
2079,23,95,221
2080,23,94,221
2081,23,94,221
2082,23,94,220
2083,23,94,220
2084,23,94,221
2085,23,94,221
2086,23,94,221
2087,23,94,220
2088,23,93,219
2089,22,93,219
2090,22,93,219
2091,22,93,218
2092,22,93,218
2093,22,93,218
2094,22,92,217
2095,22,92,217
2096,22,92,217
2097,22,92,217
2098,22,92,217
2099,22,92,216
2100,22,91,216
2101,22,91,216
2102,22,91,215
2103,22,91,215
2104,22,91,215
2105,22,90,214
2106,21,90,214
2107,22,90,213
2108,22,90,213
2109,22,90,213
2110,22,90,212
2111,22,89,212
2112,21,89,212
2113,21,89,212
2114,21,89,211
2115,21,89,211
2116,22,89,211
2117,22,88,211
2118,21,88,211
2119,21,88,210
2120,21,88,210
2121,21,88,210
2122,21,88,209
2123,21,87,209
2124,21,87,209
2125,21,87,208
2126,21,87,208
2127,21,87,208
2128,21,87,208
2129,21,87,208
2130,20,87,207
2131,20,86,206
2132,20,86,206
2133,20,86,205
2134,20,86,206
2135,20,85,206
2136,20,85,205
2137,20,85,204
2138,20,85,204
2139,20,85,205
2140,20,85,205
2141,20,85,204
2142,20,84,202
2143,20,84,202
2144,19,84,202
2145,19,84,201
2146,20,84,201
2147,20,84,200
2148,20,84,200
2149,20,83,200
2150,20,83,199
2151,20,83,199
2152,19,83,199
2153,20,83,199
2154,20,83,200
2155,19,83,200
2156,19,83,200
2157,19,82,200
2158,19,82,201
2159,19,82,200
2160,19,82,200
2161,19,82,198
2162,19,82,196
2163,19,82,196
2164,19,82,196
2165,19,81,195
2166,19,81,195
2167,19,81,195
2168,19,81,194
2169,18,80,194
2170,19,80,194
2171,19,80,196
2172,19,80,196
2173,19,80,196
2174,19,80,196
2175,19,80,196
2176,19,80,193
2177,19,80,192
2178,19,80,192
2179,19,80,192
2180,19,79,193
2181,19,79,193
2182,18,79,194
2183,18,79,194
2184,18,79,194
2185,19,79,193
2186,19,78,192
2187,18,78,192
2188,18,78,191
2189,18,78,190
2190,18,78,190
2191,18,78,189
2192,18,78,188
2193,18,77,188
2194,18,77,188
2195,18,77,188
2196,18,77,189
2197,18,77,190
2198,18,77,190
2199,18,77,190
2200,18,77,189
2201,18,76,189
2202,18,76,187
2203,18,76,186
2204,17,76,186
2205,17,76,185
2206,17,76,184
2207,17,75,184
2208,17,75,184
2209,17,75,183
2210,17,75,183
2211,17,75,183
2212,17,75,183
2213,17,75,184
2214,17,74,185
2215,17,75,185
2216,17,75,184
2217,17,74,182
2218,17,74,182
2219,17,74,183
2220,17,74,184
2221,17,73,184
2222,17,73,182
2223,17,73,182
2224,17,73,182
2225,17,73,182
2226,17,73,181
2227,17,73,181
2228,17,73,181
2229,17,72,181
2230,16,72,181
2231,16,72,179
2232,16,72,179
2233,16,72,178
2234,16,72,178
2235,16,71,178
2236,16,71,178
2237,16,71,178
2238,16,71,178
2239,16,71,179
2240,16,71,178
2241,16,71,178
2242,16,71,177
2243,16,70,177
2244,16,70,177
2245,16,70,176
2246,16,70,176
2247,16,70,177
2248,16,70,175
2249,16,70,175
2250,16,70,174
2251,16,70,174
2252,16,70,174
2253,16,70,174
2254,16,69,174
2255,16,69,174
2256,16,69,174
2257,16,68,173
2258,15,68,173
2259,15,68,173
2260,15,68,172
2261,15,68,172
2262,15,68,172
2263,15,68,171
2264,15,68,171
2265,15,68,171
2266,15,67,171
2267,15,67,171
2268,15,67,170
2269,15,67,170
2270,15,67,170
2271,15,67,169
2272,15,67,169
2273,15,67,169
2274,15,67,169
2275,15,67,169
2276,15,67,168
2277,15,66,168
2278,14,66,168
2279,14,66,167
2280,14,66,167
2281,14,66,167
2282,15,66,166
2283,15,65,166
2284,15,65,166
2285,15,66,166
2286,15,66,166
2287,14,66,165
2288,14,65,166
2289,14,65,166
2290,14,65,164
2291,14,64,165
2292,14,64,165
2293,15,64,164
2294,15,64,164
2295,14,64,164
2296,14,64,163
2297,14,64,163
2298,14,63,163
2299,14,63,162
2300,14,63,162
2301,14,63,162
2302,14,63,162
2303,14,63,162
2304,14,63,160
2305,14,63,161
2306,14,63,161
2307,14,63,161
2308,14,62,160
2309,14,62,160
2310,14,62,160
2311,14,62,159
2312,13,62,159
2313,13,62,159
2314,13,62,159
2315,13,62,159
2316,14,62,158
2317,14,62,158
2318,13,62,158
2319,13,62,158
2320,13,61,158
2321,13,61,157
2322,13,61,157
2323,13,61,157
2324,13,61,157
2325,13,61,156
2326,13,61,156
2327,13,61,156
2328,13,61,155
2329,13,60,155
2330,13,60,155
2331,13,60,155
2332,13,60,155
2333,13,60,155
2334,13,60,155
2335,13,60,155
2336,13,60,155
2337,13,60,154
2338,13,59,153
2339,13,59,153
2340,13,59,153
2341,13,59,153
2342,13,59,153
2343,13,59,152
2344,13,59,152
2345,13,59,152
2346,13,59,151
2347,13,59,151
2348,13,59,151
2349,13,58,151
2350,13,58,151
2351,12,58,150
2352,12,58,150
2353,12,58,150
2354,12,58,150
2355,12,58,150
2356,12,58,149
2357,12,58,149
2358,12,57,149
2359,12,57,149
2360,12,57,149
2361,12,57,149
2362,12,57,147
2363,12,57,148
2364,12,57,148
2365,12,57,148
2366,12,57,148
2367,12,57,148
2368,12,57,148
2369,12,57,148
2370,12,56,148
2371,12,56,146
2372,12,56,145
2373,12,56,145
2374,12,56,146
2375,12,56,146
2376,12,56,145
2377,12,56,145
2378,12,55,145
2379,12,55,145
2380,12,55,146
2381,12,55,146
2382,12,55,146
2383,12,55,144
2384,12,55,144
2385,12,55,142
2386,12,55,143
2387,12,55,143
2388,12,55,143
2389,12,55,142
2390,12,54,142
2391,12,54,142
2392,12,54,142
2393,12,54,142
2394,12,54,143
2395,12,54,143
2396,12,54,142
2397,12,54,141
2398,12,54,141
2399,11,54,140
2400,11,53,140
2401,12,54,140
2402,11,54,140
2403,11,53,139
2404,11,53,139
2405,11,53,139
2406,11,53,139
2407,11,53,139
2408,11,53,138
2409,11,53,138
2410,11,53,138
2411,11,53,138
2412,11,52,138
2413,11,52,138
2414,11,52,137
2415,11,52,137
2416,11,52,137
2417,11,52,137
2418,11,52,137
2419,11,52,137
2420,11,52,136
2421,11,52,136
2422,11,52,136
2423,11,52,136
2424,11,51,136
2425,11,51,135
2426,11,51,135
2427,11,51,135
2428,11,51,135
2429,11,51,135
2430,11,51,134
2431,11,51,133
2432,11,51,133
2433,10,51,134
2434,10,50,134
2435,10,51,134
2436,10,51,133
2437,10,50,131
2438,10,50,131
2439,10,50,131
2440,10,50,132
2441,11,50,132
2442,11,50,132
2443,11,50,131
2444,11,50,131
2445,11,50,130
2446,11,50,130
2447,10,50,129
2448,10,49,129
2449,11,49,129
2450,11,49,129
2451,11,49,130
2452,10,49,130
2453,10,49,131
2454,10,49,131
2455,10,49,131
2456,10,49,130
2457,10,49,128
2458,10,49,128
2459,10,49,127
2460,10,48,128
2461,10,49,128
2462,10,49,129
2463,10,48,129
2464,10,48,129
2465,10,48,128
2466,10,48,128
2467,10,48,126
2468,10,48,126
2469,10,48,126
2470,10,48,128
2471,10,48,128
2472,10,48,128
2473,10,48,128
2474,10,48,127
2475,10,47,127
2476,10,47,127
2477,10,47,125
2478,10,47,125
2479,10,47,123
2480,10,47,123
2481,10,47,123
2482,10,47,125
2483,10,47,125
2484,10,47,125
2485,10,47,124
2486,10,47,124
2487,9,47,123
2488,9,46,124
2489,10,46,124
2490,10,46,123
2491,10,46,123
2492,10,46,123
2493,9,46,123
2494,9,46,122
2495,10,46,122
2496,9,46,121
2497,9,46,122
2498,10,46,122
2499,9,46,122
2500,9,46,122
2501,10,45,122
2502,9,45,122
2503,9,45,121
2504,10,45,121
2505,10,45,120
2506,9,45,120
2507,9,45,120
2508,9,45,119
2509,9,45,119
2510,9,45,120
2511,9,45,119
2512,9,45,119
2513,9,45,119
2514,9,44,119
2515,9,44,118
2516,9,45,119
2517,9,44,119
2518,9,44,119
2519,9,44,118
2520,9,45,118
2521,9,45,118
2522,9,44,117
2523,9,44,117
2524,9,44,117
2525,9,44,117
2526,9,44,117
2527,9,44,117
2528,9,43,117
2529,9,43,116
2530,9,43,116
2531,9,44,116
2532,9,44,116
2533,9,43,116
2534,9,43,116
2535,9,43,116
2536,9,43,116
2537,9,43,116
2538,8,43,115
2539,8,43,114
2540,9,43,114
2541,9,43,115
2542,9,43,115
2543,9,43,114
2544,9,43,114
2545,9,42,114
2546,9,42,115
2547,9,42,114
2548,8,42,114
2549,8,42,113
2550,8,42,113
2551,8,42,113
2552,8,42,113
2553,8,42,112
2554,8,42,112
2555,8,42,113
2556,8,42,113
2557,8,42,113
2558,8,42,112
2559,8,42,111
2560,9,41,111
2561,9,41,110
2562,9,42,110
2563,9,42,110
2564,9,42,111
2565,8,41,111
2566,9,41,111
2567,9,41,111
2568,8,41,111
2569,8,41,111
2570,8,41,110
2571,8,41,110
2572,8,41,110
2573,8,41,109
2574,8,41,109
2575,8,41,109
2576,8,41,108
2577,8,41,108
2578,8,41,107
2579,8,41,107
2580,8,41,107
2581,8,40,108
2582,8,40,108
2583,8,40,109
2584,8,40,109
2585,8,40,109
2586,8,40,109
2587,8,41,109
2588,8,40,109
2589,8,40,108
2590,8,40,106
2591,8,40,106
2592,8,40,106
2593,8,39,106
2594,8,39,106
2595,8,39,105
2596,8,39,105
2597,8,39,105
2598,8,39,106
2599,8,39,106
2600,8,39,107
2601,8,39,106
2602,8,39,106
2603,8,39,106
2604,8,39,105
2605,8,39,105
2606,8,39,105
2607,8,39,105
2608,8,39,105
2609,8,39,104
2610,8,39,104
2611,7,39,105
2612,7,39,105
2613,8,39,105
2614,7,39,104
2615,7,38,103
2616,8,38,103
2617,8,38,104
2618,8,38,104
2619,8,39,104
2620,8,39,102
2621,8,38,103
2622,7,38,103
2623,7,38,103
2624,7,38,103
2625,8,38,102
2626,8,38,102
2627,7,38,102
2628,8,38,103
2629,8,38,103
2630,8,38,103
2631,8,38,103
2632,8,38,103
2633,7,38,103
2634,7,38,102
2635,7,38,100
2636,7,37,100
2637,7,37,100
2638,7,37,99
2639,7,37,99
2640,7,37,100
2641,7,37,100
2642,7,37,101
2643,7,37,99
2644,7,37,99
2645,7,37,100
2646,7,37,100
2647,7,37,100
2648,7,37,99
2649,7,37,100
2650,7,37,100
2651,7,37,100
2652,7,37,99
2653,8,37,99
2654,8,37,99
2655,7,36,99
2656,7,36,99
2657,7,36,99
2658,7,36,99
2659,7,36,98
2660,7,36,98
2661,7,36,98
2662,7,36,98
2663,7,36,98
2664,7,36,98
2665,7,36,97
2666,7,36,97
2667,7,36,97
2668,7,36,97
2669,7,36,97
2670,7,36,97
2671,7,36,96
2672,7,36,96
2673,7,36,96
2674,7,36,96
2675,7,36,96
2676,7,36,96
2677,7,35,96
2678,7,35,96
2679,7,35,95
2680,7,35,95
2681,7,35,95
2682,7,35,96
2683,7,35,95
2684,7,35,95
2685,7,35,94
2686,6,35,94
2687,7,35,94
2688,7,35,94
2689,6,35,94
2690,7,35,93
2691,7,35,94
2692,7,35,94
2693,7,35,95
2694,7,35,93
2695,7,35,93
2696,7,35,94
2697,7,35,93
2698,7,34,93
2699,7,34,93
2700,7,35,93
2701,7,35,94
2702,7,34,92
2703,6,34,92
2704,6,34,91
2705,6,34,93
2706,6,34,93
2707,6,34,91
2708,6,34,91
2709,6,34,91
2710,6,34,92
2711,6,34,93
2712,6,34,93
2713,6,34,92
2714,6,34,91
2715,7,34,91
2716,7,34,90
2717,6,33,90
2718,6,33,91
2719,6,34,91
2720,6,34,91
2721,6,34,90
2722,6,34,90
2723,6,33,90
2724,6,33,91
2725,6,33,90
2726,6,33,90
2727,6,33,89
2728,6,33,88
2729,6,33,88
2730,6,33,90
2731,6,33,90
2732,7,33,90
2733,7,33,89
2734,7,33,89
2735,7,33,88
2736,7,33,89
2737,7,33,89
2738,6,33,89
2739,6,33,88
2740,6,33,88
2741,6,33,87
2742,6,33,86
2743,6,32,86
2744,6,32,87
2745,6,33,88
2746,6,33,88
2747,6,32,88
2748,7,32,88
2749,7,32,88
2750,7,32,88
2751,6,32,88
2752,7,32,87
2753,7,32,85
2754,6,32,85
2755,6,32,87
2756,6,32,88
2757,6,32,88
2758,6,32,88
2759,6,32,88
2760,6,32,87
2761,6,32,85
2762,6,32,85
2763,6,32,84
2764,6,31,85
2765,6,31,85
2766,6,31,86
2767,6,31,86
2768,6,31,86
2769,6,31,85
2770,6,31,84
2771,6,31,84
2772,6,31,84
2773,6,31,84
2774,6,31,83
2775,6,31,84
2776,6,31,84
2777,6,31,85
2778,6,31,85
2779,6,31,85
2780,6,31,84
2781,6,31,84
2782,6,31,84
2783,6,31,83
2784,6,31,82
2785,6,31,82
2786,6,31,82
2787,6,31,82
2788,6,31,82
2789,6,30,82
2790,6,30,82
2791,6,30,83
2792,6,31,83
2793,6,31,83
2794,6,31,83
2795,6,31,82
2796,6,30,82
2797,6,30,82
2798,6,30,81
2799,6,30,81
2800,5,30,81
2801,5,30,82
2802,6,30,82
2803,6,30,82
2804,5,30,82
2805,5,30,81
2806,5,30,81
2807,6,30,81
2808,6,30,81
2809,6,30,80
2810,6,30,80
2811,5,30,81
2812,5,30,80
2813,6,30,80
2814,6,30,80
2815,6,30,80
2816,6,30,80
2817,6,30,79
2818,6,29,79
2819,6,29,79
2820,6,29,79
2821,6,29,79
2822,6,29,79
2823,6,29,79
2824,6,29,79
2825,6,29,80
2826,6,29,79
2827,6,29,79
2828,6,29,78
2829,6,29,78
2830,5,29,78
2831,5,29,79
2832,5,29,79
2833,5,29,78
2834,5,29,78
2835,6,29,78
2836,6,29,78
2837,6,29,77
2838,6,29,77
2839,6,29,78
2840,6,29,77
2841,5,29,77
2842,5,29,77
2843,5,29,77
2844,5,28,77
2845,5,28,76
2846,5,28,76
2847,5,28,76
2848,5,29,76
2849,6,29,76
2850,6,29,77
2851,6,28,76
2852,6,28,76
2853,6,28,76
2854,6,29,76
2855,6,28,76
2856,6,28,76
2857,6,28,75
2858,5,28,75
2859,5,28,75
2860,5,28,75
2861,5,28,75
2862,5,28,75
2863,5,28,75
2864,5,28,75
2865,5,28,75
2866,5,28,75
2867,5,28,75
2868,5,28,75
2869,5,28,75
2870,5,28,74
2871,5,28,75
2872,5,28,75
2873,5,28,74
2874,5,28,74
2875,5,28,74
2876,5,28,74
2877,5,27,73
2878,5,27,73
2879,5,27,74
2880,5,27,74
2881,5,27,73
2882,5,27,73
2883,5,27,73
2884,5,27,73
2885,5,27,73
2886,5,27,73
2887,5,27,73
2888,5,27,73
2889,5,27,73
2890,5,27,73
2891,5,27,72
2892,5,27,72
2893,5,27,72
2894,5,27,72
2895,5,27,72
2896,5,27,72
2897,5,27,72
2898,5,27,72
2899,5,27,73
2900,5,27,73
2901,5,27,73
2902,5,26,72
2903,5,26,72
2904,5,26,71
2905,5,27,71
2906,5,27,71
2907,5,27,71
2908,5,26,71
2909,5,26,71
2910,5,26,70
2911,5,26,70
2912,5,26,69
2913,5,26,70
2914,5,26,70
2915,5,26,71
2916,5,26,71
2917,5,26,71
2918,5,26,71
2919,5,26,71
2920,5,26,71
2921,5,26,70
2922,5,26,70
2923,5,26,68
2924,5,26,69
2925,5,26,69
2926,4,26,69
2927,4,26,69
2928,5,26,69
2929,5,26,68
2930,5,26,68
2931,5,26,68
2932,5,26,69
2933,5,26,67
2934,5,26,67
2935,5,26,68
2936,5,26,68
2937,5,26,68
2938,5,26,67
2939,5,26,67
2940,5,25,68
2941,5,26,68
2942,4,26,67
2943,4,25,67
2944,5,25,67
2945,5,25,67
2946,5,25,67
2947,5,25,67
2948,5,25,67
2949,5,25,67
2950,5,25,67
2951,5,25,67
2952,5,25,67
2953,5,25,67
2954,5,25,66
2955,5,25,66
2956,5,25,66
2957,5,25,66
2958,4,25,66
2959,4,25,66
2960,4,25,66
2961,5,25,66
2962,4,25,65
2963,4,25,65
2964,5,25,65
2965,5,25,65
2966,5,25,66
2967,5,25,66
2968,5,25,65
2969,5,25,65
2970,5,25,65
2971,5,25,65
2972,5,25,65
2973,5,25,64
2974,5,24,65
2975,5,25,65
2976,5,25,64
2977,5,25,64
2978,5,24,64
2979,5,24,64
2980,5,24,64
2981,4,24,64
2982,5,24,64
2983,5,24,64
2984,5,24,64
2985,5,24,64
2986,4,24,64
2987,4,24,64
2988,4,24,63
2989,4,24,63
2990,5,24,63
2991,5,24,63
2992,5,24,63
2993,4,24,63
2994,4,24,63
2995,4,24,63
2996,5,24,63
2997,5,24,63
2998,5,24,63
2999,5,24,63
3000,4,24,63
3001,4,24,63
3002,4,24,63
3003,4,24,63
3004,4,24,63
3005,4,24,63
3006,4,24,63
3007,4,24,62
3008,4,23,61
3009,4,24,61
3010,4,24,60
3011,4,24,60
3012,4,24,60
3013,4,23,60
3014,4,23,60
3015,4,23,60
3016,4,24,60
3017,4,23,60
3018,4,23,60
3019,4,23,60
3020,5,23,60
3021,4,23,60
3022,4,23,59
3023,4,23,59
3024,4,23,61
3025,4,23,61
3026,4,23,62
3027,4,23,61
3028,4,23,61
3029,4,23,59
3030,4,23,59
3031,4,23,59
3032,4,23,60
3033,4,23,61
3034,4,23,61
3035,4,23,59
3036,4,23,60
3037,4,23,60
3038,4,23,59
3039,4,23,59
3040,4,23,60
3041,4,23,60
3042,4,23,60
3043,5,23,60
3044,5,23,60
3045,4,23,60
3046,4,23,59
3047,4,23,59
3048,4,23,59
3049,4,23,59
3050,4,22,59
3051,4,23,59
3052,5,23,59
3053,5,22,59
3054,4,22,59
3055,4,23,58
3056,4,23,58
3057,4,23,59
3058,4,23,59
3059,4,23,59
3060,4,23,58
3061,4,23,58
3062,4,22,58
3063,4,22,58
3064,4,22,58
3065,4,22,58
3066,4,22,58
3067,5,22,58
3068,4,22,58
3069,4,22,58
3070,4,22,58
3071,4,22,57
3072,4,22,57
3073,4,22,57
3074,4,22,57
3075,4,22,57
3076,4,22,57
3077,4,22,57
3078,4,22,57
3079,4,22,57
3080,4,22,57
3081,4,22,57
3082,4,22,57
3083,4,22,57
3084,4,22,57
3085,4,22,57
3086,4,22,56
3087,4,22,56
3088,4,22,56
3089,4,22,57
3090,4,22,57
3091,4,22,56
3092,4,22,57
3093,4,22,57
3094,4,22,56
3095,4,22,56
3096,4,22,56
3097,4,22,57
3098,4,22,55
3099,4,22,55
3100,4,22,55
3101,4,22,55
3102,4,22,56
3103,4,21,55
3104,4,21,55
3105,4,21,54
3106,4,21,55
3107,4,21,55
3108,4,21,56
3109,4,21,56
3110,4,21,56
3111,4,21,56
3112,4,21,56
3113,4,21,56
3114,4,22,55
3115,4,21,55
3116,4,21,54
3117,4,21,54
3118,4,21,54
3119,4,21,54
3120,4,21,54
3121,4,21,54
3122,4,21,54
3123,4,21,54
3124,4,21,54
3125,4,21,53
3126,4,21,53
3127,4,21,53
3128,4,21,53
3129,4,21,53
3130,4,21,54
3131,4,21,54
3132,4,21,54
3133,4,21,54
3134,4,21,54
3135,4,21,54
3136,4,21,53
3137,4,21,53
3138,4,21,53
3139,4,21,53
3140,4,21,53
3141,4,21,52
3142,4,21,52
3143,4,21,52
3144,4,21,53
3145,4,21,53
3146,4,21,53
3147,4,21,52
3148,4,21,52
3149,4,21,52
3150,4,21,53
3151,4,21,52
3152,4,21,52
3153,4,21,52
3154,4,21,52
3155,4,21,53
3156,4,21,51
3157,4,20,51
3158,4,20,52
3159,4,21,52
3160,4,21,52
3161,4,21,52
3162,4,21,51
3163,4,20,51
3164,4,20,50
3165,4,20,51
3166,4,20,51
3167,4,20,51
3168,4,21,51
3169,4,21,51
3170,4,20,50
3171,4,20,50
3172,4,20,51
3173,4,20,51
3174,4,20,51
3175,4,20,51
3176,4,20,50
3177,4,20,50
3178,4,20,50
3179,4,20,51
3180,4,20,51
3181,4,20,50
3182,4,20,50
3183,4,20,50
3184,4,20,50
3185,4,20,50
3186,4,20,50
3187,4,20,50
3188,4,20,50
3189,4,20,50
3190,4,20,50
3191,4,20,50
3192,4,20,49
3193,4,20,50
3194,4,20,50
3195,4,20,50
3196,4,20,50
3197,4,20,49
3198,4,20,49
3199,4,20,49
3200,4,20,49
3201,4,20,49
3202,4,20,49
3203,4,20,49
3204,4,20,49
3205,4,20,49
3206,4,20,49
3207,4,20,49
3208,4,20,49
3209,4,20,48
3210,4,20,48
3211,4,20,49
3212,4,20,48
3213,4,20,48
3214,4,20,48
3215,4,20,49
3216,4,20,49
3217,4,20,49
3218,4,20,49
3219,4,20,49
3220,4,20,49
3221,4,19,49
3222,4,19,49
3223,4,19,49
3224,3,19,49
3225,4,19,49
3226,4,19,49
3227,4,19,49
3228,4,19,48
3229,4,19,47
3230,4,19,47
3231,4,19,48
3232,4,19,47
3233,4,19,47
3234,4,19,47
3235,4,19,47
3236,4,20,47
3237,4,20,47
3238,4,20,47
3239,4,20,47
3240,4,19,47
3241,4,19,47
3242,4,19,47
3243,4,19,48
3244,4,19,48
3245,4,19,47
3246,4,19,46
3247,4,19,46
3248,4,19,47
3249,4,19,47
3250,4,19,47
3251,4,19,47
3252,4,19,47
3253,4,19,47
3254,4,19,47
3255,3,19,47
3256,3,19,46
3257,3,19,46
3258,4,19,46
3259,4,19,46
3260,4,19,46
3261,4,19,46
3262,4,19,46
3263,4,19,46
3264,4,19,46
3265,4,19,46
3266,4,19,46
3267,3,19,46
3268,3,19,46
3269,3,19,46
3270,3,19,46
3271,3,19,45
3272,4,19,45
3273,3,19,46
3274,3,19,45
3275,4,19,45
3276,4,18,45
3277,4,19,45
3278,4,19,45
3279,4,19,45
3280,4,19,45
3281,4,19,45
3282,4,19,45
3283,4,18,45
3284,4,18,45
3285,4,18,45
3286,3,19,45
3287,4,19,45
3288,4,19,45
3289,4,19,45
3290,4,19,45
3291,4,18,45
3292,4,18,45
3293,4,18,45
3294,4,18,45
3295,4,18,44
3296,4,18,44
3297,3,18,44
3298,4,18,44
3299,4,19,44
3300,4,18,44
3301,4,18,45
3302,4,18,45
3303,4,19,45
3304,4,19,45
3305,4,18,45
3306,4,18,45
3307,4,18,45
3308,3,19,45
3309,3,19,44
3310,3,18,44
3311,4,18,44
3312,4,18,44
3313,4,18,44
3314,3,18,44
3315,3,18,44
3316,3,18,44
3317,3,18,44
3318,3,18,43
3319,3,18,43
3320,4,18,43
3321,4,18,44
3322,4,18,44
3323,4,18,43
3324,4,18,43
3325,3,18,43
3326,4,18,44
3327,4,18,44
3328,3,18,44
3329,3,18,44
3330,3,18,44
3331,4,18,43
3332,4,18,43
3333,4,18,43
3334,3,18,43
3335,3,18,43
3336,4,18,43
3337,4,18,42
3338,4,18,43
3339,4,18,43
3340,4,18,43
3341,3,18,43
3342,4,18,42
3343,4,18,42
3344,4,18,42
3345,4,18,42
3346,4,18,42
3347,4,18,42
3348,4,18,42
3349,4,18,42
3350,4,18,42
3351,4,18,42
3352,4,18,42
3353,4,18,42
3354,4,18,42
3355,4,18,42
3356,4,18,42
3357,4,18,42
3358,4,18,42
3359,4,18,42
3360,4,18,41
3361,4,18,41
3362,3,18,41
3363,3,18,41
3364,4,18,41
3365,4,18,42
3366,3,17,42
3367,3,17,41
3368,3,18,41
3369,3,18,41
3370,3,18,41
3371,3,17,41
3372,3,17,41
3373,3,17,40
3374,3,17,41
3375,4,17,41
3376,3,17,41
3377,3,17,41
3378,3,17,41
3379,3,17,41
3380,3,17,41
3381,3,17,40
3382,3,17,41
3383,3,17,41
3384,3,17,41
3385,3,17,41
3386,3,17,41
3387,3,17,40
3388,3,17,40
3389,3,17,40
3390,3,17,40
3391,3,17,41
3392,3,17,41
3393,3,18,41
3394,3,17,41
3395,3,17,41
3396,3,18,41
3397,4,18,41
3398,4,18,40
3399,4,17,40
3400,4,17,40
3401,3,17,40
3402,3,17,40
3403,3,17,40
3404,4,17,40
3405,4,17,39
3406,3,17,39
3407,3,17,39
3408,3,17,39
3409,3,17,39
3410,3,17,39
3411,3,17,39
3412,3,17,40
3413,3,17,39
3414,3,17,39
3415,3,17,39
3416,3,17,38
3417,3,17,38
3418,3,17,39
3419,3,17,39
3420,3,17,40
3421,3,17,40
3422,3,17,40
3423,3,17,39
3424,3,17,39
3425,3,17,39
3426,3,17,39
3427,3,17,38
3428,4,17,38
3429,3,17,38
3430,3,17,38
3431,3,17,39
3432,3,17,39
3433,3,17,39
3434,3,17,40
3435,3,17,39
3436,3,17,39
3437,3,17,39
3438,3,17,38
3439,3,17,38
3440,4,17,38
3441,4,17,38
3442,3,17,38
3443,3,17,38
3444,3,17,38
3445,3,17,38
3446,3,17,37
3447,3,17,37
3448,3,17,38
3449,3,17,39
3450,3,17,39
3451,3,17,38
3452,3,17,38
3453,3,17,38
3454,3,17,37
3455,3,17,37
3456,3,17,37
3457,3,17,38
3458,3,17,38
3459,4,17,38
3460,4,17,38
3461,3,17,38
3462,3,17,37
3463,3,17,37
3464,3,17,37
3465,3,17,37
3466,3,17,38
