alpha,bic_best,cv_best,riec_best,bic_side,cv_side,riec_side,best_compact_model,best_flexible_model,best_compact_bic,best_flexible_bic,best_compact_cv_risk,best_flexible_cv_risk,bic_gap_flexible_minus_compact,log_cv_gain_flexible_over_compact,lambda_times_log_cv_gain,riec_conflict_margin,margin_rule_selected_side
0.0,weibull_2p,midilli_4p,page_2p,compact,flexible,compact,page_2p,two_term_3p,-410.537564591045,-409.7011889221299,0.004145299522380658,0.004011107079212695,0.8363756689150819,0.032907764286098304,0.007694723733464956,0.828680945181617,compact
0.05,weibull_2p,midilli_4p,page_2p,compact,flexible,compact,page_2p,two_term_3p,-410.14422442852174,-409.73419972058946,0.004161550982839706,0.004008942645791765,0.41002470793227985,0.03736031000653837,0.00873584913267299,0.40128885879960685,compact
0.1,two_term_3p,midilli_4p,two_term_3p,flexible,flexible,flexible,page_2p,two_term_3p,-409.73394315452344,-409.76846283243935,0.0041785971076560595,0.004006766250927179,-0.0345196779159096,0.04199107525482481,0.00981864706905991,-0.04433832498496951,flexible
0.15,two_term_3p,midilli_4p,two_term_3p,flexible,flexible,flexible,page_2p,two_term_3p,-409.30702108875795,-409.80363315804357,0.004196439107296474,0.004004586359073917,-0.49661206928561796,0.04679604002441108,0.01094217755656305,-0.507554246842181,flexible
0.2,two_term_3p,midilli_4p,two_term_3p,flexible,flexible,flexible,page_2p,two_term_3p,-408.86376646700523,-409.8393677649987,0.004215076918032932,0.004002412240896375,-0.9756012979934781,0.05177060035471,0.012105364064899461,-0.9877066620583775,flexible
0.25,two_term_3p,two_term_3p,two_term_3p,flexible,flexible,flexible,page_2p,two_term_3p,-408.40449477315303,-409.8753273506183,0.004234510561582187,0.004000260986693445,-1.4708325774652735,0.0569081458861891,0.013306660913544058,-1.4841392383788177,flexible
0.5,two_term_3p,two_term_3p,two_term_3p,flexible,flexible,flexible,page_2p,two_term_3p,-405.8793458872601,-410.0409718549366,0.004343615773770892,0.003980681739268757,-4.161625967676457,0.08725403294990658,0.02040234858688977,-4.182028316263347,flexible
1.0,two_term_3p,midilli_4p,two_term_3p,flexible,flexible,flexible,weibull_2p,two_term_3p,-399.8225326119134,-409.2965155504979,0.004621515056328199,0.004005852641776927,-9.47398293858447,0.14296613341726513,0.03342934179069321,-9.507412280375164,flexible
2.0,midilli_4p,midilli_4p,midilli_4p,flexible,flexible,flexible,page_2p,midilli_4p,-384.88104103529486,-405.98582871411406,0.005416043215052064,0.00399351544225818,-21.104787678819207,0.30469360850764377,0.07124559178300911,-21.176033270602215,flexible
